{
  "dataset": "data/short_term/m4_weekly_dataset.tsf",
  "input_len": 36,
  "pred_len": 24,
  "epochs": 20,
  "val_mse": 4.176264762878418,
  "test_mse": 5.803123474121094,
  "test_mae": 0.6972559094429016,
  "series_used": 200
}